<?xml version="1.0"?>
<doc>
    <assembly>
        <name>Bluewater.Web</name>
    </assembly>
    <members>
        <member name="T:Bluewater.Web.Contributors.CreateContributorValidator">
            <summary>
            See: https://fast-endpoints.com/docs/validation
            </summary>
        </member>
        <member name="T:Bluewater.Web.Contributors.Create">
            <summary>
            Create a new Contributor
            </summary>
            <remarks>
            Creates a new Contributor given a name.
            </remarks>
        </member>
        <member name="M:Bluewater.Web.Contributors.Create.#ctor(MediatR.IMediator)">
            <summary>
            Create a new Contributor
            </summary>
            <remarks>
            Creates a new Contributor given a name.
            </remarks>
        </member>
        <member name="T:Bluewater.Web.Contributors.Delete">
            <summary>
            Delete a Contributor.
            </summary>
            <remarks>
            Delete a Contributor by providing a valid integer id.
            </remarks>
        </member>
        <member name="M:Bluewater.Web.Contributors.Delete.#ctor(MediatR.IMediator)">
            <summary>
            Delete a Contributor.
            </summary>
            <remarks>
            Delete a Contributor by providing a valid integer id.
            </remarks>
        </member>
        <member name="T:Bluewater.Web.Contributors.DeleteContributorValidator">
            <summary>
            See: https://fast-endpoints.com/docs/validation
            </summary>
        </member>
        <member name="T:Bluewater.Web.Contributors.GetById">
            <summary>
            Get a Contributor by integer ID.
            </summary>
            <remarks>
            Takes a positive integer ID and returns a matching Contributor record.
            </remarks>
        </member>
        <member name="M:Bluewater.Web.Contributors.GetById.#ctor(MediatR.IMediator)">
            <summary>
            Get a Contributor by integer ID.
            </summary>
            <remarks>
            Takes a positive integer ID and returns a matching Contributor record.
            </remarks>
        </member>
        <member name="T:Bluewater.Web.Contributors.GetContributorValidator">
            <summary>
            See: https://fast-endpoints.com/docs/validation
            </summary>
        </member>
        <member name="T:Bluewater.Web.Contributors.List">
            <summary>
            List all Contributors
            </summary>
            <remarks>
            List all contributors - returns a ContributorListResponse containing the Contributors.
            </remarks>
        </member>
        <member name="M:Bluewater.Web.Contributors.List.#ctor(MediatR.IMediator)">
            <summary>
            List all Contributors
            </summary>
            <remarks>
            List all contributors - returns a ContributorListResponse containing the Contributors.
            </remarks>
        </member>
        <member name="T:Bluewater.Web.Contributors.Update">
            <summary>
            Update an existing Contributor.
            </summary>
            <remarks>
            Update an existing Contributor by providing a fully defined replacement set of values.
            See: https://stackoverflow.com/questions/60761955/rest-update-best-practice-put-collection-id-without-id-in-body-vs-put-collecti
            </remarks>
        </member>
        <member name="M:Bluewater.Web.Contributors.Update.#ctor(MediatR.IMediator)">
            <summary>
            Update an existing Contributor.
            </summary>
            <remarks>
            Update an existing Contributor by providing a fully defined replacement set of values.
            See: https://stackoverflow.com/questions/60761955/rest-update-best-practice-put-collection-id-without-id-in-body-vs-put-collecti
            </remarks>
        </member>
        <member name="T:Bluewater.Web.Contributors.UpdateContributorValidator">
            <summary>
            See: https://fast-endpoints.com/docs/validation
            </summary>
        </member>
        <member name="T:Bluewater.Web.Departments.Create">
            <summary>
            Creates a new Department
            </summary>
            <param name="_mediator"></param>
        </member>
        <member name="M:Bluewater.Web.Departments.Create.#ctor(MediatR.IMediator)">
            <summary>
            Creates a new Department
            </summary>
            <param name="_mediator"></param>
        </member>
        <member name="T:Bluewater.Web.Departments.Delete">
            <summary>
            Delete a Department
            </summary>
            <param name="_mediator"></param>
        </member>
        <member name="M:Bluewater.Web.Departments.Delete.#ctor(MediatR.IMediator)">
            <summary>
            Delete a Department
            </summary>
            <param name="_mediator"></param>
        </member>
        <member name="T:Bluewater.Web.Departments.GetById">
            <summary>
            Get a Department by Guid ID
            </summary>
            <param name="_mediator"></param>
        </member>
        <member name="M:Bluewater.Web.Departments.GetById.#ctor(MediatR.IMediator)">
            <summary>
            Get a Department by Guid ID
            </summary>
            <param name="_mediator"></param>
        </member>
        <member name="T:Bluewater.Web.Departments.List">
            <summary>
            List all Departments
            </summary>
            <param name="_mediator"></param>
        </member>
        <member name="M:Bluewater.Web.Departments.List.#ctor(MediatR.IMediator)">
            <summary>
            List all Departments
            </summary>
            <param name="_mediator"></param>
        </member>
        <member name="T:Bluewater.Web.Departments.Update">
            <summary>
            Update an existing Department
            </summary>
            <param name="_mediator"></param>
        </member>
        <member name="M:Bluewater.Web.Departments.Update.#ctor(MediatR.IMediator)">
            <summary>
            Update an existing Department
            </summary>
            <param name="_mediator"></param>
        </member>
        <member name="T:Bluewater.Web.Divisions.Create">
            <summary>
            Creates a new Division
            </summary>
            <param name="_mediator"></param>
        </member>
        <member name="M:Bluewater.Web.Divisions.Create.#ctor(MediatR.IMediator)">
            <summary>
            Creates a new Division
            </summary>
            <param name="_mediator"></param>
        </member>
        <member name="T:Bluewater.Web.Divisions.Delete">
            <summary>
            Delete a Division
            </summary>
            <param name="_mediator"></param>
        </member>
        <member name="M:Bluewater.Web.Divisions.Delete.#ctor(MediatR.IMediator)">
            <summary>
            Delete a Division
            </summary>
            <param name="_mediator"></param>
        </member>
        <member name="T:Bluewater.Web.Divisions.GetById">
            <summary>
            Get a Division by Guid ID
            </summary>
            <param name="_mediator"></param>
        </member>
        <member name="M:Bluewater.Web.Divisions.GetById.#ctor(MediatR.IMediator)">
            <summary>
            Get a Division by Guid ID
            </summary>
            <param name="_mediator"></param>
        </member>
        <member name="T:Bluewater.Web.Divisions.List">
            <summary>
            List all Divisions
            </summary>
            <param name="_mediator"></param>
        </member>
        <member name="M:Bluewater.Web.Divisions.List.#ctor(MediatR.IMediator)">
            <summary>
            List all Divisions
            </summary>
            <param name="_mediator"></param>
        </member>
        <member name="T:Bluewater.Web.Divisions.Update">
            <summary>
            Update an existing Division
            </summary>
            <param name="_mediator"></param>
        </member>
        <member name="M:Bluewater.Web.Divisions.Update.#ctor(MediatR.IMediator)">
            <summary>
            Update an existing Division
            </summary>
            <param name="_mediator"></param>
        </member>
        <member name="T:Bluewater.Web.MealCredits.Create">
            <summary>
            Creates a new MealCredit
            </summary>
            <param name="_mediator"></param>
        </member>
        <member name="M:Bluewater.Web.MealCredits.Create.#ctor(MediatR.IMediator)">
            <summary>
            Creates a new MealCredit
            </summary>
            <param name="_mediator"></param>
        </member>
        <member name="T:Bluewater.Web.MealCredits.List">
            <summary>
            List all MealCredits
            </summary>
            <param name="_mediator"></param>
        </member>
        <member name="M:Bluewater.Web.MealCredits.List.#ctor(MediatR.IMediator)">
            <summary>
            List all MealCredits
            </summary>
            <param name="_mediator"></param>
        </member>
        <member name="T:Bluewater.Web.Timesheets.Create">
            <summary>
            Creates a new Timesheet
            </summary>
            <param name="_mediator"></param>
            <param name="serviceScopeFactory"></param>
            <param name="_empRepository"></param>
        </member>
        <member name="M:Bluewater.Web.Timesheets.Create.#ctor(MediatR.IMediator,Microsoft.Extensions.DependencyInjection.IServiceScopeFactory,Ardalis.SharedKernel.IRepository{Bluewater.Core.EmployeeAggregate.Employee})">
            <summary>
            Creates a new Timesheet
            </summary>
            <param name="_mediator"></param>
            <param name="serviceScopeFactory"></param>
            <param name="_empRepository"></param>
        </member>
    </members>
</doc>
